timestamp	commit	skill	old_score	new_score	status	dimension	note	eval_mode
2026-05-22T00:01	baseline	webnovel-writer	-	80.2	baseline	-	初始评估	dry_run
2026-05-22T00:02	baseline	webnovel-init	-	75.5	baseline	-	初始评估	dry_run
2026-05-22T00:03	baseline	webnovel-plan	-	73.2	baseline	-	初始评估	dry_run
2026-05-22T00:04	baseline	webnovel-write	-	78.3	baseline	-	初始评估	dry_run
2026-05-22T00:05	baseline	webnovel-review	-	76.8	baseline	-	初始评估	dry_run
2026-05-22T00:06	baseline	webnovel-query	-	74.1	baseline	-	初始评估	dry_run
2026-05-22T00:07	baseline	webnovel-learn	-	72.5	baseline	-	初始评估	dry_run
2026-05-22T00:08	baseline	webnovel-dashboard	-	70.8	baseline	-	初始评估	dry_run
2026-05-22T00:09	baseline	batch-write	-	71.9	baseline	-	初始评估	dry_run
2026-05-22T00:15	154c1bb	webnovel-dashboard	70.8	88.1	keep	Frontmatter+WorkFlow+Boundary+Checkpoint	补充触发词、Phase结构、边界条件和检查点	dry_run
2026-05-22T00:20	5f881ea	webnovel-learn	72.5	87.3	keep	Frontmatter+WorkFlow+Boundary+Checkpoint	补充触发词、Phase结构、边界条件和检查点	dry_run
2026-05-22T00:25	optimize-03	batch-write	71.9	86.5	keep	Frontmatter+WorkFlow+Boundary+Checkpoint	补充触发词、Phase结构、边界条件和检查点	dry_run
2026-05-22T00:30	optimize-04	webnovel-query	74.1	85.2	keep	Frontmatter+WorkFlow+Boundary+Checkpoint	补充触发词、Phase结构、边界条件和检查点	dry_run
2026-05-22T00:35	optimize-05	webnovel-plan	73.2	84.8	keep	Frontmatter+WorkFlow+Boundary+Checkpoint	补充触发词、Phase结构、边界条件和检查点	dry_run
2026-05-22T00:40	optimize-06	webnovel-review	76.8	85.5	keep	Frontmatter+WorkFlow+Boundary+Checkpoint	补充触发词、Phase结构、边界条件和检查点	dry_run
2026-05-22T00:45	optimize-07	webnovel-write	78.3	86.1	keep	Frontmatter+WorkFlow+Boundary+Checkpoint	补充触发词、Phase结构、边界条件和检查点	dry_run
2026-05-22T00:50	optimize-08	webnovel-init	75.5	84.3	keep	Frontmatter+WorkFlow+Boundary+Checkpoint	补充触发词、Phase结构、边界条件和检查点	dry_run
